Chiapas,Rincón Chamula San Pedro
Chiapas,Pantepec
Chiapas,Tapilula
Chiapas,Rayón
Chiapas,Tapalapa
Chihuahua,Rosario
Chihuahua,San Francisco de Borja
Chihuahua,Praxedis G. Guerrero
Chihuahua,El Tule
Chihuahua,Dr. Belisario Domínguez
Chihuahua,La Cruz
Chihuahua,Uruachi
Chihuahua,San Francisco de Conchos
Guerrero,Azoyú
Guerrero,Tlacoapa
Guerrero,Zapotitlán Tablas
Guerrero,Cuajinicuilapa
Guerrero,Copala
Guerrero,Ometepec
Guerrero,Iliatenco
Guerrero,Marquelia
Guerrero,Juchitán
Guerrero,Malinaltepec
Guerrero,Cochoapa el Grande
Guerrero,Igualapa
Hidalgo,Juárez Hidalgo
Jalisco,Atoyac
Jalisco,Huejuquilla el Alto
Jalisco,Juchitlán
Jalisco,Mazamitla
Jalisco,Atengo
Jalisco,Tapalpa
Jalisco,Tonaya
Jalisco,Valle de Juárez
Jalisco,San Marcos
Jalisco,Quitupan
Jalisco,Tenamaxtlán
Jalisco,Cañadas de Obregón
Jalisco,Villa Guerrero
Jalisco,Amacueca
Jalisco,Techaluta de Montenegro
Jalisco,Atemajac de Brizuela
Jalisco,Chiquilistlán
Jalisco,Villa Corona
Jalisco,Santa María del Oro
Jalisco,Teocuitatlán de Corona
Jalisco,Concepción de Buenos Aires
Jalisco,Cocula
Jalisco,Zacoalco de Torres
Michoacán,Cotija
Michoacán,Tocumbo
Michoacán,Tingüindín
Nuevo León,General Treviño
Nuevo León,Bustamante
Nuevo León,Aramberri
Nuevo León,Parás
Nuevo León,Melchor Ocampo
Nuevo León,Mier y Noriega
Nuevo León,Doctor Arroyo
Oaxaca,Santa Ana Yareni
Oaxaca,Reforma de Pineda
Oaxaca,San Andrés Tepetlapa
Oaxaca,San Francisco Tlapancingo
Oaxaca,Santa María Nduayaco
Oaxaca,San Baltazar Chichicápam
Oaxaca,San Juan Achiutla
Oaxaca,San Miguel Ejutla
Oaxaca,San Antonio Acutla
Oaxaca,Concepción Buenavista
Oaxaca,Santa María Temaxcalapa
Oaxaca,Santiago Apoala
Oaxaca,Santa Catarina Mechoacán
Oaxaca,Magdalena Ocotlán
Oaxaca,San Juan Evangelista Analco
Oaxaca,San Andrés Solaga
Oaxaca,Calihualá
Oaxaca,San Lorenzo Texmelúcan
Oaxaca,San Agustín Amatengo
Oaxaca,Magdalena Zahuatlán
Oaxaca,San José del Progreso
Oaxaca,San Antonino Monte Verde
Oaxaca,San Andrés Yaá
Oaxaca,San Juan Lajarcia
Oaxaca,San Baltazar Yatzachi el Bajo
Oaxaca,La Pe
Oaxaca,San Mateo Río Hondo
Oaxaca,Chiquihuitlán de Benito Juárez
Oaxaca,Mesones Hidalgo
Oaxaca,Santo Domingo Tonaltepec
Oaxaca,San Ildefonso Villa Alta
Oaxaca,Santa María Texcatitlán
Oaxaca,Guadalupe de Ramírez
Oaxaca,San Marcial Ozolotepec
Oaxaca,San Jorge Nuchita
Oaxaca,La Compañía
Oaxaca,Santa Catarina Quioquitani
Oaxaca,San Baltazar Loxicha
Oaxaca,San Andrés Sinaxtla
Oaxaca,Ixpantepec Nieves
Oaxaca,Natividad
Oaxaca,San Lorenzo Victoria
Oaxaca,San Nicolás Hidalgo
Oaxaca,San Ildefonso Sola
Oaxaca,Asunción Ocotlán
Oaxaca,San Andrés Nuxiño
Oaxaca,San Juan Cacahuatepec
Oaxaca,San Agustín Atenango
Oaxaca,San Juan Tamazola
Oaxaca,Santo Domingo Roayaga
Oaxaca,San Francisco Ozolotepec
Oaxaca,San Francisco Lachigoló
Oaxaca,San Francisco Logueche
Oaxaca,San Jacinto Tlacotepec
Oaxaca,San Francisco Cahuacuá
Oaxaca,San Bartolomé Loxicha
Oaxaca,San Francisco Chindúa
Oaxaca,San Jerónimo Taviche
Oaxaca,San Francisco Cajonos
Oaxaca,San Dionisio Ocotlán
Oaxaca,San Cristóbal Suchixtlahuaca
Oaxaca,San Juan Bautista Coixtlahuaca
Oaxaca,San Francisco Teopan
Oaxaca,San Pedro Yucunama
Oaxaca,San Bartolo Soyaltepec
Oaxaca,San Bartolo Yautepec
Oaxaca,San Cristóbal Lachirioag
Oaxaca,Santa María Peñoles
Oaxaca,Ayotzintepec
Oaxaca,San Juan Atepec
Oaxaca,Santo Domingo Yodohino
Oaxaca,Santa Cruz Itundujia
Oaxaca,San Juan Yucuita
Oaxaca,Santa María Ozolotepec
Oaxaca,Santa Catarina Loxicha
Oaxaca,Santiago Nuyoó
Oaxaca,San Juan Comaltepec
Oaxaca,San Lucas Camotlán
Oaxaca,San Juan Yaeé
Oaxaca,San Bartolomé Zoogocho
Oaxaca,Santa Cruz Zenzontepec
Oaxaca,San Juan Bautista Tlacoatzintepec
Oaxaca,San Juan Tabaá
Oaxaca,San Juan Quiahije
Oaxaca,San Juan Ihualtepec
Oaxaca,Silacayoápam
Oaxaca,San Juan Teitipac
Oaxaca,San Miguel Chicahua
Oaxaca,San Juan del Río
Oaxaca,San Francisco Sola
Oaxaca,San Juan Bautista Tlachichilco
Oaxaca,Santa María Quiegolani
Oaxaca,San Juan Yatzona
Oaxaca,San Agustín Loxicha
Oaxaca,San Juan Lachigalla
Oaxaca,San Pedro Teozacoalco
Oaxaca,San Juan Mixtepec
Oaxaca,San Miguel Amatlán
Oaxaca,San Juan Ñumí
Oaxaca,San Juan Ozolotepec
Oaxaca,San Andrés Cabecera Nueva
Oaxaca,San Juan Sayultepec
Oaxaca,Santiago Nejapilla
Oaxaca,Santiago Tepetlapa
Oaxaca,Santa Catarina Minas
Oaxaca,San Mateo Etlatongo
Oaxaca,Santiago Choápam
Oaxaca,San Miguel Panixtlahuaca
Oaxaca,Santiago Amoltepec
Oaxaca,San Mateo Tlapiltepec
Oaxaca,San Miguel Santa Flor
Oaxaca,Villa Talea de Castro
Oaxaca,San Pedro Amuzgos
Oaxaca,San Mateo Nejápam
Oaxaca,San Pedro Cajonos
Oaxaca,Santiago Camotlán
Oaxaca,San Martín Zacatepec
Oaxaca,Santiago Minas
Oaxaca,San Pedro Apóstol
Oaxaca,Santa María Yucuhiti
Oaxaca,San Miguel Tulancingo
Oaxaca,San Miguel Ahuehuetitlán
Oaxaca,San Martín Huamelúlpam
Oaxaca,San Pablo Macuiltianguis
Oaxaca,San Miguel Yotao
Oaxaca,Santa Ana Ateixtlahuaca
Oaxaca,Santa María Nativitas
Oaxaca,San Pedro Mártir
Oaxaca,Santa María Guelacé
Oaxaca,San Mateo Yucutindoo
Oaxaca,Santa Cruz de Bravo
Oaxaca,Santa María Chachoápam
Oaxaca,Santa Cruz Tayata
Oaxaca,Santa Cruz Tacache de Mina
Oaxaca,Santa Catalina Quierí
Oaxaca,San Pedro Mártir Yucuxaco
Oaxaca,Santa Lucía Ocotlán
Oaxaca,San Sebastián Nicananduta
Oaxaca,Santa Cruz Papalutla
Oaxaca,San Pedro Mixtepec
Oaxaca,Santa Catarina Zapoquila
Oaxaca,San Pedro Yaneri
Oaxaca,San Pedro Taviche
Oaxaca,San Sebastián Río Hondo
Oaxaca,Santiago Ihuitlán Plumas
Oaxaca,San Pedro y San Pablo Teposcolula
Oaxaca,Santa María Cortijo
Oaxaca,Santa Ana Cuauhtémoc
Oaxaca,San Pedro Yólox
Oaxaca,San Pedro Mártir Quiechapa
Oaxaca,Tataltepec de Valdés
Oaxaca,San Simón Zahuatlán
Oaxaca,Ayoquezco de Aldama
Oaxaca,Santa María Yalina
Oaxaca,Santa María Zacatepec
Oaxaca,Santiago Zoochila
Oaxaca,Santa María Temaxcaltepec
Oaxaca,Santa María Yolotepec
Oaxaca,Santiago del Río
Oaxaca,Santiago Laxopa
Oaxaca,Santiago Yaitepec
Oaxaca,Santa María Sola
Oaxaca,Santiago Tetepec
Oaxaca,Santa María Yavesía
Oaxaca,Santa María Zoquitlán
Oaxaca,Santiago Lalopa
Oaxaca,Santiago Yolomécatl
Oaxaca,Santa María Zaniza
Oaxaca,Santa Ana Tavela
Oaxaca,Santiago Xiacuí
Oaxaca,Santiago Tillo
Oaxaca,Santiago Tlazoyaltepec
Oaxaca,Santiago Tapextla
Oaxaca,San Vicente Nuñú
Oaxaca,Santos Reyes Yucuná
Oaxaca,Santo Domingo Tlatayápam
Oaxaca,Santo Domingo Xagacía
Oaxaca,La Trinidad Vista Hermosa
Oaxaca,Taniche
Oaxaca,Santo Domingo Yanhuitlán
Oaxaca,Mártires de Tacubaya
Oaxaca,Santo Domingo de Morelos
Oaxaca,Tlacotepec Plumas
Oaxaca,Santo Domingo Ozolotepec
Oaxaca,Santa Magdalena Jicotlán
Oaxaca,Tanetze de Zaragoza
Oaxaca,San Martín Lachilá
Oaxaca,Santo Domingo Tonalá
Oaxaca,Santo Domingo Nuxaá
Oaxaca,Santiago Jamiltepec
Oaxaca,Yaxe
Oaxaca,San Juan Juquila Vijanos
Oaxaca,San Francisco Ixhuatán
Oaxaca,San José Lachiguiri
Oaxaca,Santa Catarina Juquila
Oaxaca,San Pedro el Alto
Oaxaca,San Pedro Juchatengo
Oaxaca,San Martín de los Cansecos
Oaxaca,Capulálpam de Méndez
Oaxaca,Santiago Comaltepec
Oaxaca,San Miguel Tequixtepec
Oaxaca,San Andrés Zabache
Oaxaca,Santa Inés de Zaragoza
Oaxaca,San Juan Teposcolula
Oaxaca,San Miguel Tilquiápam
Oaxaca,San Melchor Betaza
Oaxaca,San Pedro Topiltepec
Oaxaca,San Miguel Suchixtepec
Oaxaca,San Miguel Piedras
Oaxaca,San Juan Petlapa
Oaxaca,Magdalena Yodocono de Porfirio Díaz
Oaxaca,San Juan Bautista Lo de Soto
Oaxaca,Santiago Yucuyachi
Puebla,Cuautempan
Puebla,Camocuautla
Puebla,Chapulco
Puebla,La Magdalena Tlatlauquitepec
Puebla,Zongozotla
Puebla,Zapotitlán de Méndez
Puebla,Huatlatlauca
Puebla,Chigmecatitlán
Puebla,Huitzilan de Serdán
Puebla,Santa Catarina Tlaltempan
Puebla,Coatzingo
Puebla,San Juan Atzompa
Puebla,Tepango de Rodríguez
San Luis Potosí,Cedral
San Luis Potosí,Matehuala
San Luis Potosí,Villa de la Paz
San Luis Potosí,Charcas
San Luis Potosí,Catorce
San Luis Potosí,Vanegas
Sonora,Tepache
Sonora,San Felipe de Jesús
Sonora,Granados
Sonora,Bacanora
Sonora,Arivechi
Sonora,Moctezuma
Sonora,Huachinera
Sonora,Nácori Chico
Sonora,Huásabas
Sonora,Huépac
Sonora,Divisaderos
Sonora,Atil
Sonora,Banámichi
Sonora,Bacadéhuachi
Sonora,San Javier
Sonora,Aconchi
Tamaulipas,San Nicolás
Tamaulipas,Mier
Tamaulipas,Miquihuana
Tamaulipas,Cruillas
Veracruz,Tlaquilpa
Veracruz,Tezonapa
Veracruz,Los Reyes
Veracruz,Astacinga
Veracruz,Alpatláhuac
Veracruz,Las Minas
Veracruz,Citlaltépetl
Veracruz,Ixcatepec
Veracruz,Mixtla de Altamirano
Veracruz,Chontla
Veracruz,Texhuacán
Veracruz,Tatatila
Yucatán,Dzoncauich